TIC_ID,Period,Epoch,Class_Label
347018922,1.1919382,2460635.558,2
320506985,1.08697,2458765.319,2
279251651,0.4038425793,2458654.122,2
201175570,9.699466577,2460160.363,0
240968774,5.971135667,2458766.989,0
122617317,15.07007794,2458394.739,0
233497719,3.801591,2460534.067,2
126171392,0.7835688,2459823.081,2
4918918,0.5734765519,2458870.475,0
275248683,0.53079,2458518.266,2
153065527,6.614911016,2458385.388,0
155005217,7.6047417,2459867.207,2
219344917,14.36273803,2458417.051,0
275501623,1.67346,2458739.599,2
394722182,3.5315897,2459389.337,0
224313733,197.0336254,2459517.339,2
352682207,14.70916624,2459721.424,0
100267480,0.87741,2458681.751,2
58824746,10.28295825,2459449.354,0
300599466,13.17741,2458331.865,2
382474101,2.6520851,2460184.498,2
425997655,29.79753863,2460932.689,0
59859387,1.1203828,2459987.207,2
275111900,8.0428575,2459823.091,2
73244652,8.2100724,2459600.063,2
312259170,0.8229,2458764.941,2
427352241,1.2667147,2459198.438,2
122617317,0.9902891937,2458382.636,0
256414077,3.01106,2458793.382,2
258920431,5.9839451,2459390.753,0
285524410,3.024422217,2459964.898,2
364075352,37.83633,2458772.934,2
394050135,8.872054152,2459754.94,0
232612416,4.360153631,2458687.122,0
294283951,4.372406283,2459422.142,2
1950736,3.1129681,2460307.729,2
267484653,1.738480919,2459853.829,2
269701147,38.3511223,2460661.128,0
153065527,13.17572943,2458388.567,0
82302240,2.5057108,2459964.806,2
233602827,9.044703855,2459647.515,0
282485660,6.3084728,2459377.176,0
127793615,9.27898,2458604.912,2
257527578,54.3212423,2459084.832,0
102840239,11.1972769,2460026.624,0
136971594,1.25562,2458711.814,2
383531859,17.0614756,2459352.186,2
104195270,3.685995765,2459883.68,2
75417968,3.3815776,2460557.476,2
235678745,28.17225007,2458704.29,0
357416482,5.49826,2460434.94,2
387413037,6.72694,2458738.95,2
219854519,31.0343214,2459394.938,0
8260536,10.590923,2459616.492,0
116257066,6.5019596,2459545.961,2
417705690,2.363311,2460311.617,2
269424395,2.41872,2458768.149,2
348835438,6.203496,2459985.604,0
339733013,5.62162,2458328.378,2
275717567,4.1723,2460576.091,0
320411045,14.8442674,2459971.672,0
387834907,12.64001,2458739.88,2
297967252,9.683790811,2460733.687,2
429414530,2.6340964,2458784.456,2
273774284,17.2182695,2459821.923,2
280307604,4.3229915,2459244.041,2
87044036,1.0711292,2459550.184,2
146261607,8.4915117,2459262.046,2
176314383,3.3759446,2459197.637,0
118798035,22.57099908,2460830.759,0
281196902,5.545579773,2460291.216,0
162729620,13.4364908,2460051.304,2
210083929,2.3927114,2459849.64,0
309787037,1.3042553,2460177.867,2
116483514,1.4520486,2460447.085,0
124095888,1.1258127,2459331.196,2
455962313,2.25505,2460418.994,2
354151219,3.5639862,2459907.513,2
260298958,0.8891483105,2459036.526,2
329864959,4.52318,2458739.967,2
440801822,2.0483755,2460258.236,2
437856897,7.2455997,2460273.681,0
51318828,6.8782937,2460532.302,2
193634953,2.9479689,2459750.623,0
382602147,2.135702573,2459062.342,0
8599009,2.88069,2459766.956,0
407146536,2.0976705,2459385.925,2
144700903,2.32663999,2458470.581,0
307809773,2.7694936,2460284.446,0
388130235,92.1950921,2459323.835,2
246965431,4.0785273,2459884.042,0
326347927,7.2617331,2459445.564,2
294090620,8.044238987,2459968.123,2
179155220,0.60274,2458491.889,2
392681545,7.490327062,2459913.122,0
83275782,2.6570006,2459545.353,0
183979262,3.430756485,2459063.727,2
120602501,14.8626982,2459830.773,2
138497780,3.675481529,2459549.76,2
150151262,84.83869,2460082.804,0
434718964,1.59722602,2459854.931,2
444413256,4.0104917,2459905.715,2
218795833,1.265233768,2458491.877,0
48188920,0.73774,2458683.947,2
262530873,2.24172,2458356.286,2
187495621,3.266213711,2460658.089,2
126733133,1.468709811,2460774.859,2
307956396,4.1508803,2459001.284,2
159510109,16.94870872,2460289.874,2
376838000,2.1679,2458765.06,2
38686737,2.24704,2458439.98,2
345333936,1.4252334,2459880.954,2
377304435,11.35626,2458691.561,2
158588995,1.977165842,2459301.778,0
191146556,2.5798051,2459881.331,2
287139872,32.71354062,2458704.637,0
4294779,0.343889186,2459174.475,2
232679662,7.8513774,2460650.648,2
126772538,1.4700596,2459251.604,2
73649615,1.239256933,2458570.647,0
232976128,13.0791581,2460342.349,0
371579161,2.2215349,2460423.293,2
382437043,14.64319002,2458337.747,2
207468071,20.38078237,2458933.167,0
164767175,10.75112478,2460973.355,0
445751830,3.439195425,2459911.667,0
259233660,0.448958912,2458683.576,0
9804616,0.5168346855,2458411.066,2
444977814,11.3689753,2460328.263,2
288471040,2.5139764,2459766.355,2
380517859,1.109435,2459823.57,2
457138169,1.092453576,2459605.893,2
167009792,1.13305197,2460932.531,2
180695581,0.54937,2459664.071,0
97735297,1.8354365,2459547.91,2
287190564,1.49861,2458684.763,2
157698565,61.6277,2459973.64,0
142748283,6.387820157,2458687.538,0
331034236,3.427254894,2459826.908,2
295413003,3.0373017,2458757.571,2
48476907,4.7192734,2460030.273,2
81231810,5.4521068,2459223.265,2
18318288,1.38885844,2458984.76,0
459728249,8.9653531,2460552.91,0
229650439,9.4280902,2460632.102,0
278968371,1.2997811,2458707.692,2
36724087,0.7683903811,2459988.468,0
202426247,1.0662082,2460367.148,0
184670625,0.5241284,2459278.383,2
304021498,5.652623,2459304.838,2
282091493,3.3789946,2458647.686,2
424699834,2.401140656,2459826.176,2
293978434,1.5971426,2458540.862,2
236775063,0.7409429,2459008.383,2
424196109,2.5432595,2459384.644,0
238374636,1.3214483,2459303.304,2
262781201,1.3154261,2460283.552,2
258557847,3.965824,2459765.579,2
21755546,0.6601789836,2459420.415,2
66783360,1.3812787,2459881.306,2
95129101,3.929983,2459575.196,2
293527670,0.98656,2459086.61,2
411608801,5.026799551,2459856.417,0
361343239,2.3505698,2459331.528,0
299798795,17.94536449,2458329.863,0
29191624,14.6503935,2459635.117,0
231736113,10.5739824,2459218.231,0
349972412,82.92941142,2460059.619,0
141227133,2.42232,2458518.7,2
240148934,2.02365,2458843.267,2
63013648,19.63049776,2459516.534,2
178155732,3.58529,2459169.271,0
108939482,1.187033667,2459963.593,2
108645766,2.974175,2458492.914,2
181804752,0.9479945436,2458543.558,0
71431780,13.7270395,2460307.769,0
271971130,19.28795791,2458327.552,0
402848417,28.4664618,2460452.349,2
56231866,2.7218347,2460605.496,2
121966220,6.717191254,2459914.901,2
412014494,11.4756978,2460131.89,2
332558858,13.3368173,2459168.507,0
150428135,16.05110598,2459303.157,0
439366538,4.313591706,2459064.196,0
94986319,16.06752202,2459195.308,0
98796344,5.358775952,2459168.295,0
219698776,4.659516923,2459598.143,0
39414571,4.0197555,2459227.044,0
76923707,4.532050173,2458358.118,0
332154944,0.99837,2458791.369,2
377165123,14.793901,2459845.365,2
176778112,1.33679,2459169.52,2
193708920,1.3298469,2458732.454,2
17416749,2.34483,2458956.569,2
252537013,7.0469712,2460600.031,2
239332587,0.9263237,2460559.016,0
95057860,3.5809733,2458485.286,0
383723559,2.6667526,2460530.687,2
363761216,7.4072602,2460651.832,2
266980320,6.03446339,2460899.884,0
367913453,2.7761628,2459008.757,2
405484221,42.82891524,2459454.509,2
178155732,5.973912449,2459120.538,0
219189765,1.73185294,2458544.431,0
76505260,2.5336422,2459356.442,2
70887357,723.8345008,2458454.333,2
368287008,3.3491408,2459712.929,0
233569098,23.48522,2458693.423,2
318753380,15.66923221,2459148.099,0
187861378,2.1816809,2459251.532,2
364395234,14.25456232,2460938.774,0
604863428,3.2358535,2458981.691,2
85293053,8.054220726,2459628.85,0
172630205,0.599092,2459226.231,2
7439481,1.254080552,2459333.969,2
449549170,1.4753526,2460068.914,2
356453768,2.3330349,2460011.151,2
105801221,3.0750728,2459302.066,2
368435330,1.0376109,2459635.926,0
31697707,3.910946,2459059.767,2
70524163,4.3474,2459139.619,0
354442783,1.522470591,2459910.69,2
463203560,1.9905105,2460014.553,2
352413427,5.2544884,2460608.852,0
117068362,4.2005957,2459849.027,2
461591646,3.7246883,2459913.984,0
269333648,64.5947,2460734.736,0
396740648,3.770129609,2458843.658,0
278726770,9.516003189,2460973.585,2
33595516,0.76566,2458384.02,0
132534906,3.0617364,2459277.979,2
365389353,2.6380089,2460605.16,2
201248411,0.980972,2460205.647,0
312899686,4.4138638,2459443.032,2
456042145,2.0474832,2458980.247,2
267489265,1.5502952,2460351.8,2
35377903,2.993758709,2459797.575,2
131581531,3.0591641,2459251.479,2
142532090,9.3202467,2459222.402,0
470911286,1.6212474,2458981.485,2
104022675,0.7428708,2459331.224,2
130924120,17.4682298,2460039.193,0
387664866,2.65646,2458712.518,2
118327550,7.397215984,2458357.365,0
237929468,25.86638689,2459963.746,0
307210830,2.253106162,2458354.907,0
28643432,2.2751393,2459418.221,2
420112589,11.06199374,2459731.359,0
358186451,1.3176767,2459851.521,2
449050247,2.96845,2458441.299,2
141616639,3.2428744,2459032.681,2
295354126,2.2778177,2459357.403,2
8967242,7.093853047,2458904.816,0
82707763,6.6570835,2460065.075,2
470381900,2.500529098,2459911.832,0
76420654,4.9133022,2459789.419,0
306996324,8.24661327,2458571.416,0
318022259,12.5739572,2459598.372,0
101395259,7.574674954,2458523.943,2
279741379,7.789788619,2460980.807,0
89643259,2.2219839,2460337.368,2
191373021,0.3013943,2460610.041,2
268532343,5.84259,2459136.267,0
277634430,2.326007735,2459335.352,0
102713734,3.397862,2458839.453,0
54962195,2.598903115,2458544.388,0
31268146,3.647338315,2460013.457,2
290131778,3.3088922,2460175.035,0
123482865,6.5562078,2459270.5,0
326114850,1.2456423,2460406.048,2
166184428,16.33636652,2459335.573,0
349786918,2.966338874,2460772.168,2
207141131,4.137440333,2460985.999,0
249862365,0.98999,2458791.53,2
233541860,0.2666485,2459635.537,2
13023738,8.0635,2459104.872,2
302766000,0.2573207,2459550.344,2
29960110,2.491977085,2458411.671,0
26054627,3.3176675,2459521.814,0
229747848,4.842043816,2459656.583,0
11111899,0.6193401,2460557.801,2
394561119,4.07823916,2459336.074,0
445254275,2.57134,2458767.197,2
55650590,0.7363132199,2458325.543,0
431585347,5.13664,2458766.208,2
300812741,20.22549457,2459037.418,0
443658196,4.5006638,2459351.741,2
372505528,3.8974136,2458977.166,2
160045097,4.987705624,2459635.737,0
293954617,7.4341456,2460549.311,0
101497191,3.64376,2458547.351,2
311183180,13.24981,2459168.325,2
392681545,12.57599476,2459919.917,0
308425348,3.39829,2458571.791,2
29830212,7.3164282,2459349.975,2
58474992,25.714253,2460195.28,2
55652896,34.50593183,2458331.489,0
295599256,7.14386,2458655.549,2
134315574,1.5971584,2459963.613,2
322202434,1.4013505,2460420.948,2
255760319,7.21048,2458359.734,2
219015370,3.9152737,2459663.162,0
201154493,1.51233,2458792.199,2
154867950,0.6664948,2458870.508,2
333821572,2.8259491,2459985.028,2
14336130,8.082354,2460298.678,0
159781361,15.3468182,2460431.584,0
431148743,2.6277641,2459879.808,2
387664868,2.65688,2458712.514,2
103245940,3.2517862,2459301.7,2
49254857,10.5988743,2459317.273,0
149126400,1.225315871,2459036.843,2
309436531,3.2136333,2459383.967,2
328081248,4.16454482,2459772.334,0
391949880,4.9404714,2460175.867,0
319282294,1.1385671,2458514.968,2
391903064,4.6658007,2460174.15,0
167754523,6.7992776,2459193.224,2
174143743,0.46132,2458492.313,2
197650870,2.1853174,2460422.846,2
98613492,1.0617107,2459934.889,2
357457104,1.748054,2459852.149,2
288421619,12.92281113,2460537.647,0
263003176,14.33921442,2458336.558,0
233720539,2.555332,2460559.905,2
97568467,10.65569403,2459205.098,0
255851356,2.4018591,2460065.683,2
262499797,1.750911727,2459963.284,2
166697854,2.75753,2458354.43,2
354944123,10.68860835,2458659.348,0
341419787,21.06899349,2459230.853,2
71401634,0.2476684,2459169.549,2
364107753,3.9043855,2460119.574,2
437156845,3.4906402,2459246.6,2
327577308,1.45655,2458766.425,2
408159788,2.300698,2459199.05,2
391821647,1.995836987,2458327.63,2
306263608,20.7724316,2460221.503,0
178155732,11.23046048,2459117.261,0
339672028,10.33116211,2460970.457,0
440887364,3.8167262,2459355.705,0
388076005,1.7126115,2459880.69,2
261258875,2.5852,2458327.45,2
279947414,4.0664446,2459767.637,0
1976308113,2.7568649,2458761.603,2
103633434,3.4447015,2460333.631,0
406941612,4.678059019,2458628.408,0
11996814,0.4487349139,2458790.849,2
460140752,12.0077462,2460066.822,2
236387002,7.2008611,2460442.055,0
128501004,0.78999,2458739.001,2
166184426,16.3152,2458600.451,2
417931607,16.5379864,2460348.108,0
272828463,1.577609,2460423.101,2
71854745,3.10315,2458793.51,2
97766057,3.253529938,2459363.368,0
150271680,2.593694,2458543.967,2
169765334,5.704285814,2459090.797,0
195199644,1.19888,2458712.26,2
311121985,1.3561596,2460309.855,2
302895996,0.567995,2458468.847,2
350618622,52.9787392,2460972.003,0
159418353,8.3033493,2460661.435,0
44898913,2.729904885,2458413.192,0
349095149,91.68278323,2458404.181,0
431156009,2.958148,2460403.663,2
63303499,1.927132758,2459202.296,2
260043723,3.138585603,2460982.315,2
219388773,1.571681925,2458412.383,2
365952328,4.8741147,2460120.784,2
186599508,5.631807366,2458794.896,2
156115721,2.504791825,2459229.985,2
372172128,1.195396837,2459036.509,0
426077080,9.30992,2458630.772,2
117256577,1.6865822,2459443.85,2
122262940,2.0034063,2460010.483,2
114103136,1.1471548,2458515.145,2
404505029,9.5739531,2459680.103,0
341272282,0.8133123,2459304.023,2
52041724,35.4028219,2458942.422,2
398912927,19.8875338,2458766.79,2
18017227,0.6203033,2459634.771,2
27491137,21.0153047,2459673.364,0
401125028,5.1750108,2459990.647,0
462715015,1.7548863,2459767.984,2
449197624,6.7934811,2459187.796,2
239816546,2.988765442,2459500.741,0
172464366,2.921685,2458470.046,2
402898317,53.8108713,2458751.624,0
467783290,3.6502527,2459521.513,2
55452495,17.7082945,2460108.109,2
87216634,12.9256051,2459776.256,0
450327768,5.34326,2458875.047,2
343442463,0.78381,2458739.522,2
96291218,13.7058173,2459917.091,2
445137888,2.013653034,2459882.951,2
373424049,0.9619169928,2460745.308,2
416624606,2.5152549,2459821.804,2
289441015,1.5342604,2460394.09,2
143350972,1.0817,2458439.135,2
51024887,8.249187145,2458797.345,2
67926921,3.566276,2459606.85,2
37770169,12.19145583,2458474.495,0
279741379,35.61338895,2460985.704,0
155867025,2.154747222,2459911.47,0
395171208,4.7201912,2459847.968,0
300812741,11.3071786,2460160.451,0
290348383,6.441006,2460140.221,0
406443564,1.1167145,2459359.32,2
406855039,2.718083508,2459391.952,2
142381532,38.8135498,2460345.349,0
298074836,6.766272852,2458683.616,0
220435095,3.423100173,2460185.366,2
101011575,6.3980642,2459982.845,0
365733349,2.6998294,2460445.65,0
158555987,5.546089294,2458687.926,2
325680697,1.82488,2459168.843,2
124709665,1.8675574,2459224.688,2
287145649,3.6015056,2459302.719,0
204650483,9.956296,2459312.392,0
331484419,6.25656,2460549.411,2
70513361,11.14527844,2459136.576,0
169187982,1.764534,2459446.4,2
113921235,59.84739922,2459518.397,0
367333043,2.8778095,2458979.96,2
262530407,2.8531016,2460204.963,0
55383975,48.05119885,2458366.772,2
142277868,18.9926881,2460038.985,0
9006668,1.2730965,2460205.748,0
407966340,3.044044082,2458438.476,0
155807906,0.4057204,2459253.169,2
155947004,9.4258906,2458973.712,2
368739874,3.3575477,2459714.265,0
420446142,5.8423636,2458980.605,2
441420236,8.453677658,2459041.282,0
5024743,12.4498835,2459990.141,2
350743714,7.757643019,2460746.62,2
94986319,5.197685836,2458441.281,0
142276270,6.2586065,2460366.027,0
403288821,0.5474737,2459085.612,2
150098860,10.69530651,2460966.947,0
54390047,0.9414359633,2459229.57,2
97158538,2.595074713,2459229.708,2
198153540,8.021473489,2458741.6,0
207110080,14.57289854,2459133.407,0
421308357,16.6828999,2460319.94,2
292797572,2.8013515,2459355.677,2
17150865,0.8706763,2460232.413,2
321436679,2.126316723,2460286.362,2
294173437,5.555905,2459820.581,2
268371979,2.78102,2458492.396,2
285542903,2.2657506,2460448.014,2
156678143,7.258577887,2460650.888,2
303883880,0.8970184,2459359.599,2
291555748,4.95912,2458492.781,2
29336129,1.636382194,2459989.636,2
287156968,25.05713123,2458620.317,0
15827263,3.9525732,2460505.21,2
35009898,1.527563898,2458543.434,0
47617038,3.3513304,2459358.397,2
296739893,5.098803777,2458518.005,0
459323923,2.6520679,2460475.348,0
400595342,3.640438933,2460768.617,2
120269103,20.42767265,2459203.108,2
269077474,1.3164901,2459197.193,2
285233023,2.8577028,2459904.857,2
343019899,25.8386422,2460561.018,0
418971787,1.0638184,2459277.893,2
172370679,29.09022715,2459439.215,0
305739565,3.3704313,2459329.334,0
7624182,1.1096992,2459199.67,2
377420580,1.4147363,2460422.257,2
328167090,0.7131492,2459880.757,2
238197709,13.72525218,2459184.759,2
232982558,27.6438617,2460638.546,0
290302097,2.9918201,2460042.8,2
23650642,1.12355,2458843.38,2
419523962,5.7998626,2459904.819,0
399870368,2.7443216,2459197.008,0
356235833,1.2680452,2460479.421,2
164150539,6.1600888,2459850.544,2
29960109,2.49221,2458411.669,2
268914377,2.153895941,2459229.716,2
124573851,3.9451359,2460013.734,0
154459165,3.1471655,2459983.665,2
304142124,55.087,2460017.429,0
405904232,11.0765063,2460549.083,2
133505138,2.4360845,2459330.394,2
370745311,0.62627,2458544.791,2
387603144,2.4567112,2459007.402,2
61117473,6.183621108,2460073.822,2
318022259,2.1555232,2459961.133,0
258871793,9.146912159,2458931.121,2
195093356,7.8284207,2459432.674,2
353367071,2.37532,2458819.399,2
245509452,3.246208009,2459883.864,0
410528770,2.7536237,2459847.781,2
266843799,0.8062768,2459331.491,2
154220877,2.002703012,2460341.539,0
219852882,1.762253726,2459741.887,0
81429971,3.0432421,2459986.02,2
1400770435,13.7432169,2460637.868,2
229742722,63.4839358,2460503.687,0
355867695,49.82516596,2458879.323,0
75427473,1.4713984,2460258.206,2
53498154,13.7317565,2460355.526,0
32830028,0.516278,2458468.344,2
410214986,8.138222177,2458332.308,0
468828873,3.8954139,2459957.441,2
230086768,34.92704828,2458736.131,2
350153977,3.183778916,2458626.551,0
461080504,6.098847064,2459285.449,2
260647166,6.203621886,2459310.633,0
261257684,83.99939907,2458630.353,0
17005768,6.842498295,2458765.265,2
264678534,16.2016817,2460643.486,0
361711730,10.2436729,2459387.004,0
294315741,3.5678072,2459546.191,2
289580577,5.384623897,2459653.734,0
376682699,1.1025238,2460422.249,2
317397615,0.7438074,2460479.138,2
148673433,3.77110663,2458901.788,0
259126549,7.3845072,2459658.949,2
249812036,5.7785318,2460561.395,2
159334269,1.1578392,2459008.762,2
91987762,45.52214556,2459531.564,0
305048087,5.436166729,2458355.242,0
339636032,6.8787507,2459986.415,2
86263325,4.5445569,2459656.5,0
29781292,84.26076445,2458355.649,0
264460005,3.0929206,2459194.816,2
366989877,15.5077855,2460122.7,0
79395355,7.31898,2458328.337,2
166648874,15.15120509,2458909.543,0
359271092,7.5768334,2460006.414,0
63898957,3.363925397,2458383.916,0
291732201,6.7415334,2460604.285,2
129107501,3.6534344,2459850.634,2
276380902,0.6171788,2460421.694,2
23769326,7.4332642,2459682.832,0
283702603,0.6691882,2459279.471,2
451599528,341.2791676,2458702.256,2
77031413,1.38665,2459110.922,2
224245334,3.785232828,2459089.918,0
199162630,2.7649802,2459847.835,2
270604417,7.542750886,2459233.347,0
29781292,22.89098972,2460954.389,0
285677945,1.2427,2458791.561,2
287139872,0.9351890776,2459662.731,0
247873937,4.6498719,2459549.305,2
363260203,1.2025238,2459331.125,2
387342052,3.5524144,2459574.316,0
206541859,30.08350298,2459064.119,0
219824469,5.4809161,2459661.074,2
323658120,43.8418559,2459517.121,2
369581703,8.508462,2460578.885,2
259701242,2.485488702,2460984.003,2
200322593,1.239153364,2459175.142,0
241065596,1.6256942,2459907.949,2
269269740,1.8639309,2459770.36,2
49043968,6.246225205,2460017.859,0
197959526,0.7196290698,2459061.885,2
253132689,3.217824,2460062.383,2
233684822,4.6756655,2460658.634,2
230127302,18.65488288,2459733.644,0
82362447,2.819817,2458517.561,2
234523599,3.795517784,2458325.651,0
101929303,11.1876137,2460541.381,2
29781292,56.00450565,2460129.286,0
120896927,4.75599952,2460984.453,0
425997655,3.9766833,2460203.018,0
49967354,1.09333,2459010.861,2
96246348,1.409518411,2459985.657,2
309792357,104.8724252,2460877.951,0
271581073,2.66903,2459058.793,2
131081852,13.27359135,2458575.745,2
336456596,0.77871,2458739.63,2
299799658,4.1150576,2460177.2,0
124379043,1.962292,2459227.309,0
151930063,5.2201338,2459963.999,2
341805908,1.491915985,2460069.038,2
37084932,6.58454,2458470.644,2
100990000,4.040300731,2460987.682,0
193336820,5.006622,2460550.715,0
37575651,9.597197667,2458521.909,2
179317684,4.231117262,2458544.67,0
158551257,0.9023950841,2459797.232,2
240823272,9.0881638,2459888.212,0
394509844,6.89132,2458599.314,2
355867695,7.493161333,2458686.12,0
470171739,4.617425391,2460452.838,0
239722954,1.4958429,2459550.516,2
237913194,15.1689723,2459062.423,0
259168516,4.802656081,2459657.394,0
280206394,11.2365977,2460030.705,0
299876474,2.5950111,2460122.22,2
172110606,2.0197299,2460310.709,2
284450803,3.3686634,2460335.938,2
130191319,1.6117444,2459250.615,2
446549906,2.45457,2458654.615,0
37749396,13.47584784,2458392.294,0
142387023,22.8085719,2460362.104,0
199688472,1.4412175,2460351.142,2
141776043,4.06269,2458493.358,2
452803785,5.0037857,2459844.553,2
380886535,8.906625088,2459451.724,2
200723869,18.38770809,2459121.27,0
399613138,8.1958135,2460555.962,2
148523092,2.8562935,2460121.605,2
350995812,2.97164,2458685.816,2
198485881,35.18964444,2459606.203,0
313891529,12.37505369,2459092.274,2
313675203,2.5025812,2460091.75,2
326732851,1.51567,2458766.423,2
354944123,5.538328999,2458654.532,0
139285736,1.55028,2458326.051,2
258402425,0.67554,2459011.05,2
374908020,36.22214,2458365.893,2
124029677,20.9108406,2459197.093,0
376524552,3.7130701,2459661.05,0
145027461,1.07242,2458492.727,2
106224626,3.3418892,2458731.299,2
274170255,1.41072,2458712.05,2
436873727,22.09339218,2460239.909,0
447061717,24.24549669,2458563.89,0
321669174,10.50543617,2459757.445,0
437011608,4.2403543,2460284.803,0
431999925,1.445433,2458492.93,2
60074373,3.190373,2459276.407,2
346418409,2.755653181,2458740.962,2
327663613,1.41144,2458599.57,2
305506996,2.3682389,2459817.69,0
130181866,7.107934044,2458845.373,0
420288086,6.5344463,2459906.578,2
184952758,4.109953,2460007.695,2
73228647,2.5404679,2460066.437,0
357501308,7.435570896,2458958.258,0
49710555,12.08837,2459109.092,2
403308915,3.7543552,2459878.779,2
29959761,1.6471574,2459169.75,2
83092282,6.402529473,2460006.078,0
187532854,1.6513066,2459934.874,2
310267134,0.5438807,2458681.713,2
269450900,2.32439,2458657.631,2
279740441,0.7418594494,2458386.095,2
230127302,4.307451325,2459737.587,0
288631580,5.87755478,2459757.356,0
118798035,48.86217279,2460794.945,0
27677846,5.6309047,2459936.36,2
251848941,20.708504,2458354.552,0
310483807,2.55555,2460756.13,2
378355116,3.5684459,2459875.429,2
149601557,29.01616456,2460717.399,2
298663873,260.1740061,2459611.446,0
427654774,5.222621,2458765.042,2
268727719,0.6257351997,2460584.788,2
458876004,3.6923071,2458814.425,2
274662200,1.228438792,2458712.366,2
435861696,5.6902814,2458779.819,2
90504905,2.264538611,2458685.613,2
187029841,0.361112,2459909.805,2
40779013,1.7113115,2458708.892,2
59003115,2.294185,2458439.076,2
309402106,216.24584,2458343.942,2
390651552,1.467119035,2459691.149,0
120826158,5.1830043,2459765.915,0
285674856,1.74626,2458790.81,2
4646810,10.9245478,2458416.352,0
1717732429,7.8513949,2460634.946,2
350332997,1.9160221,2459357.08,2
177612321,3.145502,2459223.653,2
147895461,0.5919629,2459445.918,2
91555165,42.12898933,2459120.3,0
31858844,2.977615173,2458655.579,2
219239945,13.697384,2458389.367,2
357538688,13.2681095,2459315.913,2
140706664,3.28892,2458521.291,2
42123111,4.03349,2458686.467,2
301051430,3.274466518,2459117.395,2
349790953,1.5521101,2459387.58,2
50309953,7.04083,2459083.352,2
23389848,15.64643,2459014.369,2
230055368,1.434460238,2458900.645,0
157528286,1.6562803,2459251.04,2
33690636,4.99915,2458468.955,2
291147951,2.5313956,2459444.952,2
271167979,0.3093954,2458733.08,2
139285832,0.77685,2459062.447,0
470709084,3.66505,2458768.569,2
416987878,2.86876,2458712.767,2
194736418,5.826731,2460658.012,0
400476523,18.10671,2458700.974,2
251848941,9.961634689,2458362.954,0
459997997,5.547485,2459328.033,2
312548415,2.2437501,2458981.5,2
257605131,1.858662423,2458410.999,0
68322189,1.2833689,2459385.76,2
34077285,2.573594282,2460663.875,0
220518305,14.15203772,2460968.409,2
382626661,17.61747159,2460940.862,0
154089169,8.9534775,2460355.403,0
92359850,4.155,2459167.712,2
219016883,4.8721904,2459661.516,0
350348197,6.7535728,2460285.357,0
289316336,3.0038696,2459033.694,2
219821826,9.6799809,2459659.733,2
241174783,4.080286422,2459603.311,2
408310006,5.4435354,2460010.495,0
304025075,3.029056305,2460016.53,2
271893367,5.857407538,2459995.646,0
321668398,5.644211242,2459768.447,0
144970275,2.5313424,2459248.479,2
170849515,1.941636568,2458438.148,0
384888319,5.879575194,2459448.512,0
386297468,2.0958074,2459329.677,2
374177909,0.1638211,2460610.088,2
460984940,2.7970316,2460038.666,0
115242351,5.674832673,2459093.605,2
199444169,1.2168732,2459850.737,0
286201103,0.8573726979,2458711.373,0
229384040,1.2980202,2459211.721,2
300810086,0.6680065,2460192.473,2
463681005,0.5465391048,2460014.804,2
251848941,6.5578513,2460196.437,0
95010343,6.880459,2460272.399,2
231702397,5.078032535,2458329.119,0
288391628,10.9278415,2460331.316,2
295807723,0.6972223,2459445.219,2
52005579,12.76147058,2459458.901,0
412257781,1.1894812,2459253.364,2
15692883,5.147905,2460602.632,0
335489455,2.1176601,2458978.435,2
118021229,0.88501,2458518.281,2
130181866,20.54381533,2459583.637,0
293075732,0.5666806,2460098.203,2
230127302,37.92519834,2458700.697,0
459762279,8.7960328,2459600.45,0
399956873,6.949428,2459831.192,2
315755496,4.27808,2459394.643,2
271722899,19.2998,2458335.234,2
154872375,8.0277326,2460658.974,0
37242226,1.0681394,2458488.38,2
22020459,1.3328042,2459988.48,2
257052211,2.2175244,2460580.285,2
312469860,0.50261,2458764.794,2
383390264,10.18269827,2458629.909,0
65412605,4.4010465,2459980.874,0
372596796,3.5366743,2458617.032,2
284441182,2.527282242,2459883.444,0
368435330,3.6451549,2459631.901,0
382188882,4.800095274,2459328.58,2
237808867,0.56708,2458468.865,2
289125016,6.2043746,2459822.527,2
101011575,18.8792871,2459987.338,0
110428269,0.64971,2458684.205,2
289661991,2.8989758,2459937.079,0
89020549,2.109680461,2458326.905,0
172871230,3.4100261,2459442.295,2
40954422,1.7578288,2460336.484,2
292321872,8.66698,2458794.152,2
403224672,1.0082361,2460178.671,0
344224831,8.0179256,2460224.828,2
146846569,4.753538756,2458545.448,2
403287048,7.00776,2458327.923,2
420645189,48.53386258,2458837.477,2
267561446,1.283251,2458711.816,2
54962195,7.102474859,2458547.139,0
311890977,6.63371,2458627.804,2
169904935,4.5505945,2459985.157,2
61980227,3.095898463,2459064.594,2
92013169,2.3552639,2460282.513,2
142748283,3.119071562,2459601.846,0
46772529,10.6332248,2460011.848,2
33091633,7.52118,2458495.713,2
420803693,0.9135968,2459033.325,2
285666479,1.71614,2458791.984,2
182943944,1.10422,2458518.965,2
186000935,8.8735214,2460552.791,2
15682927,0.9655766,2459823.16,2
249067445,0.8317937,2459198.904,2
430528566,0.5590256,2460405.443,2
271900960,13.45913,2458330.371,2
66561343,10.6265837,2459219.552,0
355867695,3.127463446,2459634.761,0
341544930,7.6416041,2460386.222,2
260647166,19.59015781,2459311.403,0
143032776,12.4856615,2459289.282,2
303364023,10.34699445,2458543.252,2
405862830,1.6268695,2460122.432,2
150428135,27.80968976,2458353.0,0
348844154,29.17362,2458343.207,2
71582156,5.491130234,2458843.596,0
256621916,1.4136455,2460352.578,2
141482386,18.0157,2458339.723,2
332660287,1.2434016,2459197.326,2
286561122,0.6803432778,2459910.558,2
437893926,3.8454384,2459548.185,2
334911765,0.88958,2458600.597,2
130611752,0.4405893,2459963.185,2
48276576,0.8334976003,2459989.055,2
348054109,0.4378023675,2459010.512,2
284528889,4.112385,2458981.891,2
100589632,3.9471567,2459221.102,2
389525208,6.74657,2458329.361,2
453230066,1.5492212,2458813.486,2
49899799,7.0114,2459163.415,2
129881395,3.3630421,2459252.697,2
146434840,17.95473,2458445.266,2
422838133,5.3089937,2460644.061,2
120585579,6.340315,2458357.778,2
164173105,3.072643399,2459827.002,0
384386061,5.7626055,2459380.933,2
356867115,6.096407441,2459710.294,0
371673488,0.8165295,2460422.206,2
219852882,5.502557725,2459766.225,0
330468175,0.70902,2458739.28,2
258777134,5.929405,2459599.131,2
202428245,32.1400505,2460321.828,2
188593930,1.46503,2458354.276,2
275562670,1.5810556,2458651.449,2
143257766,1.66226,2458656.451,2
143994283,1.90879,2458492.904,2
268439377,0.9855374,2459279.26,2
139375960,5.33155,2458793.277,0
420112587,11.06266598,2458691.531,2
348673213,0.9014650433,2458791.468,2
459942762,0.58644,2458438.838,2
395773226,3.8471662,2459008.271,2
92783821,3.8615978,2459442.068,2
357536526,1.57363,2458545.661,2
242536549,0.6923563,2459359.132,2
135083444,2.791791103,2458899.61,2
423903685,4.0938735,2459845.511,2
142918609,14.5378,2458494.778,2
138017750,2.4727425,2460632.179,2
42015200,9.77742,2458391.663,2
439867639,0.3711334432,2458411.217,0
131581522,3.059168,2459964.261,2
150030205,39.361947,2460155.028,0
335590096,1.5229985,2459304.246,0
369480087,0.364322479,2459447.841,2
151920165,3.4671474,2459303.974,0
220479565,3.697716709,2458381.846,0
259377017,5.660477325,2460982.005,0
452810327,2.3540172,2459197.357,2
374847873,2.0391741,2459332.081,2
385105624,1.7498117,2460662.17,2
141205978,1.5574603,2459662.739,0
83210867,1.1967018,2460532.183,2
311183180,10.043245,2458447.399,2
120916706,0.5568212477,2460934.124,0
370133522,0.5182424609,2458654.103,0
365639282,10.8717,2458472.413,2
158241252,1.849856678,2459415.152,0
349576261,225.1037885,2459132.226,0
112395568,5.742625,2458657.999,2
200593988,7.678746159,2460263.523,2
279605855,1.972401,2459007.051,2
229650439,5.1396666,2460641.84,0
229091748,0.4568,2458354.592,2
188589164,2.616276872,2458956.396,0
317507345,3.9401791,2460473.279,2
77156829,3.694260409,2458411.068,0
370877263,15.9865412,2460087.169,2
184679932,2.172141624,2458791.426,2
428787891,3.824082643,2459768.103,0
20988926,5.3194765,2459791.246,2
120896927,17.17966727,2460974.324,0
258510872,6.5440665,2459737.0,0
97921547,2.8279716,2459986.409,0
137906197,7.3377236,2460331.445,0
212253390,3.092685844,2459038.103,0
250111245,2.9304371,2459466.497,0
260609205,4.461775483,2460184.852,2
208030798,1.7167587,2458650.326,2
467281353,2.8319354,2459332.171,2
396562848,1.949540338,2459767.373,0
230267547,2.2263798,2459768.269,2
467179528,18.80161111,2459630.046,0
279989567,0.787177,2459226.189,2
388076422,2.57617956,2459883.905,0
441765914,124.72987,2459517.996,0
219041246,10.44198961,2458745.678,0
50618703,1.548354168,2458469.757,0
119292328,7.188733213,2458471.218,0
441732151,2.09989,2458712.089,2
190496853,4.6616079,2460010.014,0
300011941,1.814121521,2458327.104,2
158025009,1.0697621,2460423.263,0
190430205,1.06884,2458712.069,2
275384718,7.72433,2458576.434,2
445859771,4.6313014,2459684.92,0
73723286,14.066109,2458547.302,2
325172035,2.897020196,2459308.613,2
366602797,1.3574339,2459523.395,2
425561347,5.777212238,2459040.866,0
304042899,12.44587412,2459313.564,2
453289469,0.7799194,2458652.437,2
4070275,5.42406915,2458439.34,0
17865622,3.11984039,2459826.736,0
273069412,3.5399394,2460584.023,2
302814895,8.6800186,2459795.902,2
369861731,3.8780401,2459387.096,2
268372005,6.4274159,2459214.765,2
392112968,1.1960086,2460041.593,2
40055053,4.1793301,2459444.902,0
185226925,3.1979646,2459790.753,2
146208651,6.519778103,2460735.958,2
77156829,4.965206855,2458414.563,0
122220263,18.6922101,2460333.438,2
113919944,1.2297408,2459524.202,2
152714791,1.27349,2459036.883,2
272049972,1.0960111,2458981.242,2
272625214,5.2469991,2458979.491,2
88992642,10.2611329,2460470.362,0
261136679,6.267832,2460011.551,0
15247229,8.5112,2458687.193,2
260004324,3.814300897,2458327.417,0
70899085,4.0520368,2459196.115,0
374200604,0.7600190181,2459525.795,2
180987952,1.389170048,2460746.834,2
452006073,1.2669382,2459331.967,0
219860288,4.2660553,2459660.494,0
41422753,2.4710528,2459792.21,2
192520375,0.9109508,2459278.486,2
449197831,3.736968939,2459177.403,0
382331352,11.47606,2458601.338,2
86005116,0.4916402,2459852.548,2
428679607,2.6800536,2460660.824,0
452483795,2.4515393,2459823.085,2
89876424,1.5380702,2458733.088,2
220396259,0.91677,2458355.626,2
279177746,4.4350025,2460551.554,2
53498154,21.4904723,2460364.819,0
219366908,0.6293198,2459199.017,2
449951606,5.1681189,2460032.93,2
337274055,4.8435717,2459383.59,2
198390247,6.5886877,2460660.409,0
257605131,16.36487304,2458416.635,0
84126162,3.6688102,2460254.527,2
403256331,3.77188,2458765.821,2
328934463,11.2347982,2459658.812,0
375506058,2.650232,2460554.586,0
341186896,1.5078959,2459985.988,2
389371332,3.907711594,2458494.061,2
233087860,5.7484439,2460558.35,0
150030205,4.511729451,2460980.715,0
142276270,26.3208756,2459594.183,0
151759246,2.628260567,2459771.713,0
405794804,1.44127,2458740.219,2
141631253,1.670901084,2459963.202,2
153197346,2.642447,2458540.492,2
350445771,3.190156877,2458326.804,2
4999813,2.0849517,2459226.726,2
172754786,4.1273472,2459771.049,2
34068865,0.3219233,2460013.713,0
260271203,5.649285344,2458330.097,2
1405997635,1.8697825,2459385.395,2
71396541,6.269716,2459031.312,2
15565627,3.80509,2458684.061,2
198390247,4.3135263,2460583.435,0
425163745,0.27664,2458438.557,2
105387356,1.5163046,2459445.816,2
286355915,4.076683952,2459885.666,2
323687123,4.017980538,2459502.343,0
427279997,2.89453,2458768.728,2
242083025,0.6466987745,2459307.492,2
439456714,3.993441827,2458385.036,0
393831507,4.860673,2459661.328,0
20892672,3.10926,2458356.501,2
22221375,3.9846589,2460013.592,0
237232044,23.5407467,2460623.585,0
280212554,1.1472535,2459212.045,2
287474726,3.744200735,2459230.051,2
260647166,14.17589473,2459308.481,0
9032368,1.632,2458355.679,2
234994474,1.40151826,2458326.034,0
229510866,2.1031647,2460556.242,0
27244707,1.6882863,2458838.18,2
34551972,4.854214803,2459885.446,2
265077027,4.79586,2458496.168,2
55525572,83.89624341,2459125.847,0
127425841,1.5166573,2459880.319,2
417948359,3.3159772,2459661.401,0
23434737,25.51953069,2458553.062,0
386435344,19.37210506,2459977.659,2
358070912,0.8831279,2460014.963,0
11561667,3.087629733,2458543.869,0
269509393,1.76589,2458764.844,2
156991337,6.905590826,2460684.183,2
356868487,27.91029294,2459692.969,2
5109298,1.618710669,2459202.96,2
279212407,28.6620782,2458971.419,2
51637609,2.709631,2459849.076,0
304774444,3.6245513,2460115.853,2
357972447,0.33759,2460393.797,2
372913430,6.7391601,2460894.249,2
99330090,7.0080817,2459443.719,2
174328045,5.0569708,2460601.086,0
12036590,5.73436,2459226.801,2
373785851,4.04163,2458796.0,2
316606244,3.310636,2458762.172,2
366074069,4.1812866,2459905.398,2
58542531,3.057523964,2458816.412,0
367858035,20.7051499,2460421.697,0
284564230,12.9773004,2460656.816,2
144043410,6.263650065,2459230.662,2
371210825,0.40312,2458842.75,2
267263253,4.1269046,2460174.637,0
9102327,3.2615,2458354.543,2
317597583,12.0557353,2460654.567,0
148233571,0.9422588,2459226.376,2
124702477,0.7951534,2459226.722,2
120723776,2.8831285,2460749.274,2
437740083,5.6020298,2459879.464,2
288185138,0.8352406,2460365.996,2
235678745,17.664866,2458692.8,0
161156159,2.2818488,2460064.293,2
297153209,10.7004569,2460361.735,2
179034327,17.96350827,2458417.605,0
425220920,8.76905,2458494.522,2
348755723,4.503645,2458517.81,2
62530991,4.0266483,2459986.942,2
237751146,1.669769041,2459203.398,2
137284119,2.5778717,2459820.409,2
278199349,9.46516,2458418.219,2
175079720,2.2623261,2459274.969,2
146467675,1.6375303,2459199.706,2
44737596,2.788654032,2458413.06,0
232982938,9.0941239,2459918.438,0
140830390,12.83796894,2459211.732,2
366119858,48.2590904,2460328.38,0
237200747,14.3034613,2459695.446,2
219852584,3.196883797,2459913.379,0
456305193,1.0995742,2460338.238,2
403693875,3.524869263,2458469.696,2
175180796,1.55747,2458493.443,2
209459275,6.9839072,2459166.186,0
192372961,2.06313,2458792.296,2
330332501,4.0157492,2459819.79,2
447283466,1.01606,2458544.481,2
185405474,1.56029,2458684.136,2
344085117,0.659752,2459962.92,2
443556801,1.5080197,2459225.647,0
34505005,5.1627718,2459302.434,2
393940766,4.867075805,2459062.261,0
347011522,17.2045725,2458973.93,2
334597566,9.1099373,2459872.941,2
189620016,1.1793395,2460718.288,2
281979481,0.5417947272,2459362.157,2
303055194,1.7615631,2459822.908,2
277128619,21.4921464,2459363.698,0
449050248,2.96844,2458441.299,2
26547036,1134.672396,2459846.977,0
117689799,2.157046174,2459771.875,2
26583436,6.1429164,2459851.702,2
446616059,3.1072375,2460530.955,2
262746281,16.1798603,2460271.218,0
179033846,1.476869,2459197.209,2
167098530,0.890967,2459823.854,2
293567206,0.6856225,2460311.597,2
320525204,13.7431084,2460637.862,2
277103955,1.3090665,2460206.239,2
16005254,3.7927572,2459522.825,0
177722855,2.3960724,2459225.43,2
172376068,6.1211661,2460558.595,2
141663464,1.76447,2458601.344,2
229455001,22.3417286,2460623.32,0
464067218,1.393456549,2460015.013,2
29374525,3.813812,2459545.297,2
24364065,4.05135,2458686.847,2
434234955,6.0588453,2459196.699,2
267867517,2.6816329,2458787.359,2
394657039,3.7628372,2459382.233,0
256886630,2.03905,2458713.201,2
45465399,5.3763108,2459325.008,2
80174172,1.1104301,2459278.729,2
399967279,94.09979541,2459475.467,0
254629854,0.9714298,2459359.547,2
355636844,6.30556,2459080.903,2
345724317,2.817627,2460478.507,2
294179389,2.6796,2458685.471,2
335630746,4.6336155,2459574.943,0
80478272,5.0859432,2459878.349,2
341729521,8.413485569,2459230.149,2
69997672,1.80709,2458684.235,2
371188886,9.1270519,2460086.661,0
369864738,2.78186,2458626.542,2
40292751,12.7791964,2460319.525,0
453211454,21.4003129,2460259.048,0
169249234,7.18580292,2459527.432,0
452866790,1.19799956,2458492.206,0
458857720,1.30924,2458571.797,2
194795551,2.0180196,2459383.76,0
206466531,1.42744,2459139.772,2
52368076,4.6517186,2460206.744,0
294500964,9.070253089,2459966.572,2
233390838,6.4474918,2459820.573,2
343708863,5.9685742,2459379.131,2
23113034,1.7134571,2460256.342,2
153078576,2.702918675,2459116.621,0
71854732,3.1004285,2459909.663,2
201233610,21.05271,2459097.435,2
284305328,2.2963814,2459883.46,2
298666530,0.573279725,2458738.738,2
106402532,4.8847937,2460030.757,0
95660472,3.244298976,2459502.745,0
4897275,16.71004217,2458872.341,0
375225453,0.920952632,2459307.936,2
149601126,23.34185357,2459174.013,0
373576942,0.8912218,2458731.568,2
67247610,1.974061358,2460340.792,2
267527924,1.8080364,2460011.605,2
178819686,5.605774799,2460046.424,0
53498154,7.8854383,2460344.838,0
283015592,3.7027104,2459879.949,2
32283946,7.06181,2458389.002,2
440887364,8.5954792,2459356.164,0
194179013,3.1785277,2459384.151,2
393251073,14.9857436,2458849.115,2
5772442,1.10578,2458492.502,2
467179528,10.8948421,2459649.751,0
21832928,16.3413889,2458987.266,0
106997505,2.74323,2458493.396,2
319968129,6.216994,2460285.33,2
417931300,7.769088748,2458683.417,0
147340931,4.3114812,2459331.541,2
190271688,12.65346641,2459341.024,2
89759617,3.3295394,2459817.659,2
161032923,3.965248455,2458654.061,0
35883621,3.0519843,2459984.008,2
288735205,3.477977628,2459764.874,0
314338017,10.9554897,2459837.025,2
160045097,1.829029399,2459632.817,0
288144647,3.8553342,2459879.618,0
458856474,6.081043046,2460751.696,2
360816293,3.5506084,2458650.906,2
329148988,27.26720158,2458747.185,0
327210623,2.128423,2459384.957,2
8260536,4.7728997,2459628.618,0
377024332,15.1771428,2460282.741,2
9837861,0.6565741,2460312.311,2
31656385,22.84518,2459073.996,2
382302241,1.59782,2458326.05,2
396133015,5.2667367,2459847.673,0
155491828,16.0475029,2459233.496,2
304950588,7.4316274,2459350.857,2
102840239,734.4987702,2460023.13,0
296898634,2.8534013,2459849.326,2
438295981,3.96643,2458472.158,2
280437559,1.8237371,2459248.378,0
260476837,2.23294,2458327.85,2
129539786,2.0881134,2459850.248,2
237185205,15.7335693,2459441.423,2
158916431,5.8924856,2459765.04,2
286696848,8.9279009,2458835.623,2
153951307,0.7645806585,2458684.105,0
387690507,6.387573911,2458470.203,0
56658270,8.834926096,2459475.616,0
65347776,25.86696,2459133.371,2
153651591,2.145632443,2459230.769,2
287256467,18.2616878,2460453.432,0
365683032,1.4287976,2460556.602,2
161687211,1.2529966,2460556.902,0
31114545,24.4232697,2459196.873,2
377622130,8.8600515,2460464.05,0
252636888,2.590266,2459880.281,2
202468443,2.0685871,2459690.597,2
418866096,6.6308943,2460557.305,2
453209605,2.80944,2458493.617,2
162246865,0.5646193,2459331.916,2
18885659,2.8890956,2460503.943,0
441334829,4.4433921,2459991.661,2
271596418,0.556109,2458325.749,2
441739020,10.9836724,2460468.361,0
263179590,3.738238106,2459204.418,0
27491137,10.35635955,2459675.695,0
91869778,3.4771921,2460235.295,2
122485078,9.1505,2458822.099,2
468574941,1.497144672,2459882.348,0
455784423,3.9365629,2459878.619,0
239638934,6.0027375,2458760.818,2
232540264,15.9234883,2460311.845,0
410245915,0.9889446,2459986.361,2
377064495,10.778833,2460273.232,0
366563452,1.5873866,2459767.161,2
318209162,711.7642825,2458891.862,2
250484865,0.76189,2458468.758,2
277871306,3.9602774,2460277.924,2
332534326,2.4993895,2459168.949,0
170103435,1.9785151,2459984.553,2
444523623,2.041659,2458979.93,2
151724385,6.140620703,2459770.675,0
52548453,5.214675715,2460686.11,2
344600402,1.3875331,2460123.888,2
52368076,9.1549418,2460202.05,0
256722647,2.922466092,2459855.157,0
358107516,11.91249419,2459041.912,0
73540072,1.2436239,2459690.743,0
257605131,9.191079151,2458411.806,0
118301361,3.46608,2458793.398,2
441462736,14.28117313,2460927.616,0
329709756,12.5482879,2459849.155,2
232608943,82.69014391,2459419.383,0
336128819,7.851908204,2459394.594,0
313506357,1.532703,2459880.029,2
429304876,6.8392388,2460037.26,0
389238529,0.49642,2459036.5,2
348755728,4.506383808,2459256.847,0
327011842,0.7838790445,2459883.106,2
300557619,30.57908,2458350.322,2
284288080,1.83485,2458469.907,2
33153766,0.68831,2458544.604,2
219164808,1.6773063,2459358.89,2
144956678,1.513600345,2459228.947,2
307210830,7.4507305,2460039.155,0
340700241,7.792544782,2459967.139,2
432422552,9.7712443,2459881.332,2
16187321,4.2021893,2459813.404,2
260128333,95.174,2459238.219,0
289539327,11.2464616,2460649.255,2
425997655,17.66717347,2460957.734,0
407966340,7.049160841,2458442.615,0
50943163,2.4254068,2458810.75,2
305550963,1.5891628,2459850.657,2
435673126,11.5175506,2460510.057,2
177126182,6.3037582,2459216.013,2
365712006,3.0436916,2460421.843,2
219854185,3.944366761,2459766.963,0
190743990,1.7380504,2460582.487,2
269701147,8.8803281,2460651.267,0
131419878,3.16043,2458494.089,2
409183335,3.32125,2458818.228,2
230075120,0.7676706,2459663.954,2
271169413,3.964905267,2458597.872,0
294176967,1.8296155,2460556.995,2
467006627,15.4159906,2459801.156,2
445805961,24.2833782,2460439.667,0
316937670,0.62425,2458325.343,2
347098457,3.151040837,2459230.211,2
27844066,1.8532983,2458732.821,2
189013222,1.3228701,2459199.16,2
268301217,0.9466787,2459989.042,0
376740324,4.5300175,2459327.096,2
129432342,1.79217,2459037.298,2
407126408,11.09934795,2458625.211,0
459837008,3.495042222,2458816.152,0
137157546,3.6841446,2459721.117,2
97700520,5.42555479,2459232.248,2
259129875,0.43889,2458684.097,2
116608612,3.4557863,2460310.718,2
458914949,12.5343031,2459924.681,2
434100688,1825.048364,2458371.511,2
157568289,1.8361503,2459250.993,2
235683377,0.4090680581,2459768.708,0
233602827,4.489136685,2459763.323,0
686072378,1.942600323,2459175.406,2
142087638,74.60689649,2458558.996,2
118308828,3.7353995,2459301.933,2
80275202,3.6649528,2459983.317,2
8348911,2.326342966,2458957.925,0
384744828,3.042133369,2459363.499,2
389999924,4.76062067,2460015.719,2
206498307,13.41903923,2459066.938,2
54085154,1.0014437,2460037.452,2
441738827,6.0784031,2459652.834,0
429358906,8.023981147,2458577.042,0
398733009,0.8185671731,2459116.382,2
179159972,1.37101,2458491.952,2
420645189,48.53403947,2459001.0,2
78672342,2.979535783,2458471.269,2
1101909431,23.2556119,2458935.79,2
93963408,2.396722027,2459229.9,2
61733521,3.36296,2458655.878,2
75878355,9.2292078,2460496.591,0
155995204,9.30734,2458357.584,2
347442932,0.6646521,2459986.82,2
229285649,8.493027,2459544.882,2
239136269,1.059099364,2459501.093,2
1003831,1.65114558,2458518.203,0
317548889,6.865958244,2458469.562,0
303432813,23.4428912,2460250.881,0
198241702,4.252964141,2458686.609,0
841226527,19.5112506,2458883.545,2
468472950,0.98736,2458712.358,2
408729765,4.6200781,2459026.649,2
280655495,5.876943784,2459990.16,0
333657795,0.9260632,2460233.367,0
23863106,3.3078803,2459685.754,2
99869022,3.6714717,2460360.435,0
436099179,0.8999342,2459548.985,2
178819686,12.27724442,2460046.212,0
89510024,2.3664127,2459446.147,2
431899140,1.9734615,2459928.935,2
271439193,6.2329571,2459876.941,2
31374837,0.4900589413,2458438.376,0
68152139,0.73772,2458792.465,2
258796169,1.553818775,2458765.026,0
160162987,23.0531698,2459441.746,2
377144784,2.3866952,2460447.127,2
306263608,52.56370562,2459462.517,0
229536616,3.93034,2458686.939,2
243333538,2.998566736,2459772.754,2
55652896,17.38904539,2459340.905,0
258801269,5.48923,2458689.026,2
41227743,1.418815282,2458326.244,2
352682207,1.348307502,2459741.039,0
67512645,3.370630267,2459639.259,0
28900646,0.6691449142,2459910.938,0
35315453,2.0340967,2460119.031,2
430677414,0.46741,2458738.93,2
348135793,1.97741,2458791.587,2
300871545,4.817068438,2460186.765,2
219466803,12.5951009,2459618.541,2
93594834,1.338755454,2459228.778,2
167418898,10.9803025,2459367.92,2
41865539,1.26092,2458354.866,2
307210830,3.690675858,2460688.708,0
231703293,0.907105,2459085.547,2
69838258,6.73069,2458354.573,2
224297258,9.614163568,2459659.674,0
470315428,1.08625,2458818.197,2
376637093,2.0560153,2460449.201,0
168871868,17.1217196,2459183.305,2
133654092,1.97353,2458493.127,2
18574158,4.9131459,2460500.349,2
399444057,2.0714803,2459008.356,2
461538935,5.289835,2459767.361,2
259377017,11.37969912,2460984.247,0
388624270,14.26287566,2460720.808,2
143526444,15.3050693,2459974.318,2
359496368,2.6652007,2460646.784,2
49428710,12.21933924,2459527.297,0
409794137,10.1802014,2459982.236,0
230386397,19.5078657,2459626.67,2
156648452,3.4936188,2459687.37,0
154293917,6.6080989,2458978.134,0
427761355,1.902605961,2459854.415,0
126357909,1.2247985,2458513.958,2
446549905,2.4545635,2460146.99,2
156816238,2.1461672,2459632.687,2
400395395,3.2891219,2459303.81,2
312221462,30.4408598,2459507.391,2
224225541,4.937722732,2458357.305,0
98494121,3.06555,2458659.347,2
312122956,2.0492064,2459547.065,2
284254253,1.862908,2458651.974,2
310002617,3.1774814,2459765.674,0
343628284,8.097081856,2459857.186,0
102734241,10.90483925,2458692.76,0
250386181,1.470258,2459138.723,2
147660201,0.579398,2458543.348,2
384549882,0.30412,2458518.376,2
9727392,4.534451,2458355.326,2
289164482,2.679616364,2458685.367,0
1133072,0.846542,2458517.532,2
44745077,1.8756,2458411.703,2
63898957,13.03935862,2458389.727,0
27491137,35.1257472,2459675.933,0
113553629,4.30438,2458491.915,2
73104318,7.45494,2458822.593,2
425721385,13.5499,2458663.152,2
299798795,4.178265603,2458327.705,0
419419534,1.680148,2459278.794,2
90544017,3.2235985,2459273.372,2
233735068,7.6869063,2459852.045,2
318054782,0.8335712,2459226.923,2
90850770,8.000489041,2459043.77,0
393818343,16.24993568,2460509.988,0
150428135,9.977272963,2458331.35,0
58825110,5.8588751,2459494.147,0
400323948,3.224280825,2459336.01,2
4426490,2.668957025,2460235.022,2
198616607,3.6311186,2459417.473,2
300038935,29.04968014,2460904.702,0
373614579,8.206486661,2459605.775,2
384984325,8.5386633,2459908.091,0
219766989,0.5109902,2459332.153,2
74484886,3.8505662,2459298.033,2
428699140,1.9268037,2459332.242,0
16102323,3.2077145,2459822.313,2
259377017,3.360167055,2460987.858,0
53593457,0.530893,2458468.332,2
335483600,3.354052972,2459855.711,2
258514800,0.4702718938,2458711.369,0
327369524,4.0236805,2459877.793,0
383666033,3.9678136,2459328.098,2
341297143,3.8421028,2459813.908,2
183985250,0.7920645022,2460933.176,0
253030300,2.8300213,2458865.943,2
110936761,2.2906144,2459793.645,2
333736132,731.9966539,2459283.547,0
397362481,6.203160788,2460017.117,0
379629854,2.8278059,2459008.075,2
33692729,13.63080241,2458474.57,0
146836153,2.325287791,2459964.826,2
379929661,4.786958,2459979.751,0
403136413,2.51266,2458326.378,2
408549705,9.5064017,2459753.523,2
6653897,0.8857522,2459549.123,2
41330864,2.1358631,2460363.632,2
181804752,4.989917579,2458546.508,0
160390955,4.417804239,2459799.383,0
185482513,1.2368321,2459279.832,2
229400092,4.14198051,2459761.726,0
272050287,8.503614,2459908.575,2
257060897,3.660031954,2459660.608,0
254113311,8.34998,2460144.137,0
394918211,4.378019409,2459337.638,0
17129975,1.514229218,2460340.479,2
308034948,0.831542,2458569.713,2
284050395,1.35932,2458765.476,2
262135904,2.099076944,2460688.287,2
126606859,1.158901294,2459797.406,0
260647166,3.795889971,2458572.108,0
406190563,1.773346,2459446.222,2
134200185,0.5481572952,2458468.391,0
117322779,0.68601,2458791.073,2
44792534,3.68497,2459167.325,0
9348006,10.2405483,2459635.364,0
468977648,2.090218,2459302.297,2
444415148,1.83641,2458764.875,2
349972412,2.426153785,2459038.46,0
418959198,4.896248368,2459827.504,2
113295476,1.820443,2458514.824,2
9830791,3.5414573,2458835.349,2
354600221,1.41853,2458764.817,2
142276270,18.79554697,2458697.756,0
271042173,0.476873,2458733.141,2
397362481,4.466067966,2460014.847,0
198385543,3.930674628,2459884.35,0
7904580,15.8346011,2459249.62,2
48178229,2.6788253,2459225.684,2
414870287,4.95898,2458740.859,2
1100766816,1.62263,2458957.042,2
389900760,5.799818888,2458795.823,0
162802770,4.880963962,2459283.404,0
261141602,1.4956727,2460310.065,2
453464017,3.9416903,2459352.661,2
379723086,7.4398211,2460120.661,2
462162963,1.3550447,2458593.753,2
427348923,4.728681,2459196.648,2
173860688,0.845657,2458541.414,2
464300749,18.0953159,2460031.241,0
27064468,17.9051919,2460258.339,0
325086150,5.4934218,2460495.628,2
344416349,7.8365317,2460525.487,2
289988797,2.2042212,2459576.857,2
49705089,9.6578504,2459226.012,0
79748331,12.22655952,2458664.49,0
377293776,2.043926781,2459662.336,0
147950620,2.3106428,2460367.072,0
1528696,0.8820624258,2458438.403,0
317951248,3.4438,2458493.528,2
151728428,3.9997367,2459786.271,2
86280613,9.573548,2460325.905,2
50365310,2.171348387,2459229.63,2
183120439,2.255445922,2459062.718,0
407146538,2.0915616,2460069.764,2
100389539,4.2809767,2459246.158,0
377290815,0.798,2458684.127,2
308307606,9.885024379,2458412.729,2
274762761,1.033244114,2458683.947,2
220076110,4.808498,2459189.978,0
412259468,2.653577693,2459229.684,2
302659412,14.5187891,2460083.975,2
335996558,1.46329,2458739.508,2
75650448,18.184189,2460093.83,0
267574918,1.407936933,2459419.987,0
286916251,8.765546849,2458715.311,0
461387302,5.8089284,2460630.612,2
309257814,1.813576726,2458569.773,2
243283955,8.407133,2460570.744,2
363635669,0.7617828287,2460015.059,2
219151731,1.4853364,2459249.974,2
268334473,16.7368995,2460458.306,0
412961700,2.518384556,2459230.346,2
31374837,12.46100864,2458440.63,0
193628179,3.2623468,2459415.349,2
190981760,3.5463582,2459278.825,2
293853437,8.7179665,2459221.689,0
367102581,2.9798592,2459739.799,2
380887434,0.3994444952,2459474.2,0
137543637,1.2833113,2459605.678,2
103865797,2.2232698,2459740.631,2
272086159,16.155373,2458649.291,2
207084429,4.89577,2458356.071,2
314724818,4.451860375,2459337.013,2
354006740,1.76406,2458819.004,2
149282072,3.7006742,2459761.943,2
443042089,0.5496848,2460014.89,2
188989177,1.17409,2458438.299,2
36574157,3.7804749,2459210.63,2
132320310,1.3955317,2459277.091,2
237922465,8.2754608,2459352.544,0
256349966,14.5877856,2459906.004,2
151825527,3.633583417,2458546.479,0
230017325,9.6926509,2460649.217,2
22843856,1.8497201,2459521.619,2
192790476,19.10470192,2458452.335,0
367099243,1.8286961,2460421.899,2
67309890,1.1623941,2460422.616,2
385624852,8.30792,2459261.801,2
24094603,4.07611,2458658.611,2
224418572,2.8465928,2459791.236,2
19342878,1.332825183,2459963.43,0
39699648,6.527388414,2458875.998,0
294599100,5.6133922,2459440.871,2
186812530,3.6773543,2460257.184,0
142087638,74.60651924,2458512.163,2
7548817,4.52074,2459735.896,0
360630575,9.188506,2459376.411,0
32408928,1.0435229,2459252.322,2
384984325,5.6952223,2459900.82,0
176984236,1.7560902,2459199.326,2
260849386,1.0339,2458568.222,2
305478010,3.121339,2458762.231,2
198153540,0.4378083365,2458739.075,0
144193715,9.1512776,2460163.675,0
395393265,3.377283541,2459883.442,0
232967440,7.0643978,2460341.784,0
53427308,5.80322,2458844.765,2
193641523,1.392972127,2458597.813,0
306902029,1.0754572,2459549.902,2
307377219,4.1629444,2459542.814,2
238597883,3.5730141,2459987.047,2
154927364,6.9744232,2460334.944,2
75878355,95.8531625,2460485.794,0
22233480,7.446303377,2459396.41,0
349373192,0.76983,2458326.315,2
12421862,10.21520251,2458356.372,0
125894957,2.67425,2458493.15,2
79748331,6.443865747,2458656.668,0
232608943,482.8191,2459751.599,0
169177766,1.692892,2460556.672,2
141663460,1.76442,2458601.344,2
354594208,0.86673,2458765.228,2
392476080,0.67249,2458984.389,0
261135533,0.2381823336,2458738.712,0
158002130,9.6867516,2460473.411,0
164767175,19.6050966,2460986.18,0
339538183,2.6093167,2459935.391,2
163539739,14.47510623,2459826.54,0
419411415,1.6306523,2459443.471,0
34466256,0.7029205,2459198.602,2
142394656,8.157721,2460359.607,0
324395151,3.455147904,2459309.576,2
409520860,0.71933,2458765.114,2
239372503,0.8560277,2460366.918,2
91555165,1.052615654,2459116.732,0
90448944,1.4415577,2459985.77,2
408636441,18.8500438,2460404.266,0
136848581,2.6400663,2460365.822,2
274002141,1.6197991,2459935.162,2
131979339,22.6384642,2459986.476,2
399144800,27.21496217,2458576.189,2
470852531,1.49446,2458765.534,2
77156829,0.860240579,2458411.474,0
106114491,9.7216312,2459813.86,2
1965256662,4.3170598,2458727.428,2
199376584,18.712253,2460544.753,0
33878688,79.3739596,2459187.361,2
268405086,6.8242909,2459598.138,2
328513434,1.7904917,2459933.595,0
134396419,4.3652608,2459984.851,2
353475866,1.766692009,2458817.685,0
352924930,4.0158188,2460472.582,2
285048486,3.4913952,2459604.399,0
353586703,3.0043128,2459961.599,2
128463355,13.9086,2458493.085,2
308919449,1.6563738,2460012.028,2
207468071,1.7727505,2460477.136,2
375199523,1.9447712,2459822.065,2
30329585,7.5022708,2459437.549,2
278866211,2.194061628,2460876.858,2
41875043,0.9602835,2460337.887,2
356461227,1.8418712,2460747.587,2
107728509,2.6646183,2459385.729,2
165523947,2.99041,2458711.858,2
254113311,4.068640493,2460126.924,0
377064495,0.4465713,2460285.469,0
371188886,3.098367,2460038.82,0
201186294,0.989330011,2458791.515,0
293607057,4.2889696,2459274.885,0
422653398,8.34034,2459485.685,2
411347315,4.0662367,2460582.156,2
287080092,37.4685042,2460607.061,0
298495970,8.4249043,2459764.11,2
320004517,17.47130782,2458661.063,0
230001847,2.994263037,2459769.981,0
176772671,1.332657927,2460719.073,2
119585136,2.2054776,2459663.423,0
253990973,0.540933,2458654.253,2
169532369,3.60364,2458440.311,2
399642071,2.288776264,2459307.924,2
332630868,736.5601487,2458525.418,2
88902249,7.7119842,2460083.977,0
457939414,3.789952396,2459281.711,2
123106490,3.3004862,2459963.592,2
66356824,3.55562,2459109.392,2
155114483,5.2651271,2459877.368,2
354400186,9.07768,2458794.282,2
277014266,1.3797091,2459446.29,2
243185500,15.53243849,2459450.356,0
19155785,3.1442556,2460254.351,2
410153553,0.4629303673,2458325.724,0
365781372,1.13889,2458469.224,2
390157607,0.3859142,2458623.662,2
459850897,1.188268121,2460772.766,2
196286587,10.4137962,2459974.937,2
149845414,7.994036718,2458522.514,0
149601126,49.24455988,2459074.031,0
432008938,9.653456,2458522.349,2
190442486,5.4561177,2459850.131,2
362249359,1.041889003,2458544.12,0
284747017,1.8012697,2458839.923,2
54044474,3.7039994,2459301.544,2
393911494,0.6332592585,2458899.862,2
262531275,2.4843369,2459141.055,2
29117085,13.247777,2458846.993,2
277987172,6.3989216,2459824.052,2
170729775,16.6542431,2459186.902,0
466318137,1.121602115,2460014.805,2
260708537,1.744698366,2460985.904,0
77102895,1.0962372,2459303.475,2
62483237,11.07085753,2458334.892,0
81212286,0.6850808053,2458843.028,2
393626873,2.513969193,2460742.137,2
360286627,0.758081968,2459281.338,2
404610583,3.538103874,2459826.813,2
270333769,4.1207509,2460418.368,2
466206508,75.1247037,2458979.846,0
220016044,0.9399664439,2459088.39,2
229770036,2.14056,2458684.502,2
345996087,2.01976,2458712.723,2
445903569,4.0337201,2460032.219,0
241102583,1.7386091,2459820.898,2
269892793,1.772923947,2459882.483,2
175476629,1.14057,2458354.272,2
457743020,3.251249,2459327.582,2
445822015,1.66402,2458545.057,2
415969574,10.45776,2458362.572,2
413248763,3.9306027,2460011.629,0
316254876,2.4611008,2459935.126,2
230127302,5.904127842,2459740.304,0
467651916,3.9813082,2460655.202,0
318608749,20.07315877,2459044.495,2
178959058,5.4468377,2460061.842,2
281408474,3.4076,2458469.235,0
274122380,2.873138,2459444.494,2
158297421,3.922801611,2459036.473,0
377739433,1.23852,2458764.825,2
394137592,11.535076,2458332.083,0
287329267,7.643442319,2460976.584,2
270238522,1.36991,2458765.476,2
81247740,1.3641482,2459690.638,0
27649847,1.542848633,2458492.716,0
298049015,3.9131371,2459438.721,2
179582003,104.6162557,2458413.85,0
150151262,51.69919052,2460807.57,0
417646390,3.8016217,2459762.196,0
49617263,4.83266,2459139.297,2
269701147,28.580474,2460612.351,0
21535395,2.800991471,2458871.489,0
320536216,0.5476699059,2460716.583,2
147576037,13.0727479,2459603.766,2
461271719,7.624623907,2458603.196,2
20182780,4.3533211,2459715.022,0
270841724,18.90372,2458522.024,2
141412823,21.7004042,2460151.667,2
425997655,7.907630061,2460987.803,0
115564354,1.6421819,2459550.466,2
373453507,15.7925628,2459197.399,2
1001477809,7.6605425,2458904.351,2
95122849,10.1197017,2459593.124,2
188768068,2.1779407,2460338.523,0
300013921,54.6616036,2459236.957,2
333473672,13.00178901,2459864.064,0
319735319,2.9038027,2459224.226,2
137500798,13.2054538,2460328.288,2
25624952,3.1239462,2460609.807,2
460205581,8.3249172,2460022.807,0
237235093,2.6834113,2459034.031,2
350044062,5.9522831,2459578.529,2
361998994,1.84996,2458622.189,2
36724087,12.25343082,2459992.613,0
308050066,11.1755425,2460004.893,2
366622912,3.114893076,2458493.284,0
307809773,5.7060868,2460277.804,0
454248975,3.9014904,2459359.903,0
415741431,2.1575124,2459878.867,2
268042363,4.6141256,2459990.606,2
178162579,3.5514016,2459225.45,0
127476180,1.603809276,2460715.502,2
237101326,1.5373948,2459849.641,2
175310067,12.68894149,2459238.831,2
373729723,13.0518467,2459645.758,2
355732304,2.5411063,2459794.235,2
26433869,1.0357235,2459471.34,2
86451883,1.7561019,2458708.664,2
339250695,4.726220845,2460287.858,2
75208638,4.6512523,2459990.713,2
155044736,1.373046633,2459963.61,2
368536386,1.69433,2458818.74,2
404518509,25.1290153,2459160.014,0
142090065,2.826935637,2459738.517,2
237222864,10.288886,2460646.545,0
374778982,2.3882776,2459906.848,2
438490744,1.665878,2458468.496,2
54464870,3.6944323,2460447.795,2
182470056,0.879268,2459252.299,2
317060587,9.139803966,2458332.941,0
166190643,1.6540803,2459822.984,2
306996324,15.66533219,2458572.6,0
408203470,0.5813219571,2458711.411,2
27064468,5.4589863,2460282.115,0
263203229,5.0061978,2460117.887,2
229747848,0.8474218017,2459664.027,0
161687209,1.2529962,2460556.902,2
360630575,13.90283907,2459344.462,0
146244533,8.8088443,2459296.556,2
464296022,12.1246519,2460054.784,2
142937186,1.30613,2459169.62,0
235684392,21.78944907,2459743.508,2
29857954,9.47686,2458326.922,0
458419328,4.6747218,2459604.773,0
139118482,6.7136512,2458946.965,2
176831592,2.53405,2459169.218,2
379931600,2.9258727,2459446.176,2
464646604,7.712120841,2459037.871,0
459837008,2.289102668,2458818.073,0
389182138,2.7260173,2460610.162,2
167031605,2.7809,2458468.697,2
269238073,6.1461734,2459878.512,2
470974162,3.2583798,2459603.239,2
306547699,2.6985136,2459356.241,2
139853601,0.6808701996,2459228.878,2
384045439,10.82661,2458743.871,2
306648160,3.6525305,2458681.489,0
117843067,2.3767548,2459198.81,2
114103134,1.146870785,2459963.683,2
337129672,49.10770474,2460209.919,2
53498154,3.3903593,2460361.103,0
20182165,9.7815625,2459680.306,2
162577466,3.677239121,2459666.709,2
350293646,1.4468993,2459985.332,0
261867566,3.739571561,2458628.35,0
232568235,0.3524597,2460423.376,0
129319156,4.73703,2458643.103,2
219857012,21.2690422,2460660.831,0
358631536,3.4040139,2460552.941,2
316916655,2.87436,2458440.194,2
364186197,4.4247042,2460661.182,0
294780517,15.64770554,2458416.496,2
364408162,3.1256662,2459848.69,2
131036011,11.0701242,2459273.405,2
400786146,22.15367773,2459323.08,2
165598669,3.337066639,2460369.408,0
141488193,56.4043748,2459031.932,0
348684813,7.7517472,2459976.897,2
146520535,4.32765,2458441.572,0
248250955,0.3011505806,2459361.882,0
100990000,9.573078691,2460970.92,0
201177276,5.469388754,2459062.464,0
426017070,0.599253314,2458354.572,2
77228304,0.336826,2458410.951,2
469184909,1.2926975,2460042.143,2
74197917,1.5040804,2460015.835,2
165202476,2.9093856,2459168.476,0
161450762,1.32003,2458683.926,2
142276270,12.5187279,2459612.448,0
198008005,3.279720612,2459088.312,0
245462406,2.27456,2458791.817,2
445586472,1.739363149,2459230.005,2
418604868,15.61460575,2459799.304,0
89702406,23.14385513,2459264.712,2
429295277,1.10833,2458572.208,2
91576611,4.43651,2458659.069,2
153951307,3.29476892,2458684.287,0
118798035,11.53172727,2460847.176,0
10552342,7.5414411,2460570.969,2
342642208,8.6007557,2459758.586,0
251209368,3.0071496,2459209.022,2
407591297,2.594675,2459630.896,0
282498590,10.1004307,2459222.255,2
401604346,2.122367251,2459037.565,0
303867090,1.3168344,2459359.447,2
253917293,4.608,2458327.376,2
306955329,6.363410552,2459885.569,0
9033144,4.7150255,2460202.579,2
55390413,1.8819016,2460309.127,2
356919658,1.42611,2458683.899,2
58046864,2.3651663,2458680.476,2
172518755,3.2087149,2460279.071,0
313761775,1.5309799,2460421.873,2
238162973,11.8885643,2459260.036,2
239541449,1.926118317,2459826.818,2
150428135,37.42368383,2458330.486,0
155986102,6.87168,2458360.617,2
293708935,2.685591481,2458597.351,2
138361973,1.8824539,2460556.103,2
387079085,1.1923,2458601.381,2
108835813,4.76516,2458494.066,2
326470400,736.5528811,2460087.797,2
400466395,5.1391542,2460311.735,2
1449756,11.3543085,2459199.593,2
240613164,1.99143,2458712.053,2
372207328,0.2792211,2459909.915,0
198356533,18.840891,2460660.183,0
39077574,7.1404043,2459629.957,2
184869170,7.7235903,2459578.096,2
242460075,2.9098435,2459356.489,2
271478281,15.3419095,2460141.982,0
361034196,2.19296,2458628.963,2
138968089,0.6412557625,2458711.558,2
428685938,14.4896397,2460022.855,2
45684223,6.5832019,2459323.34,2
42883782,6.3346129,2459788.411,0
78775584,5.5553784,2459302.16,2
358072664,4.1934945,2459327.067,2
237104103,4.537136131,2459764.42,0
326919774,7.57193,2458771.772,2
233503636,3.40612,2458685.822,2
466382581,5.3829728,2460550.945,0
2041563029,12.80758,2458747.01,2
176956893,6.906786841,2459036.619,0
212957629,3.076683468,2459115.976,0
69356857,4.0966887,2459440.07,0
90919952,4.13812,2458660.163,2
219467837,39.9753375,2459594.438,2
153027658,2.3374921,2458384.925,2
424747720,10.28132839,2458655.604,2
28873762,3.105654,2459518.691,2
89535068,6.111094507,2459288.092,2
294869729,1.1140067,2459199.905,2
30312676,1.10223,2459126.769,2
425997655,12.16230464,2460987.124,0
119584412,10.6439385,2459648.62,0
328750515,2.335962247,2459825.345,2
305943739,5.3073459,2459441.27,2
42755801,4.3433389,2459225.901,2
10837041,0.782707455,2460987.464,0
1979500576,2.6342729,2458784.457,2
69672493,1.4920726,2460257.097,2
80029842,2.3992876,2459279.306,2
243185500,1.880531017,2459448.308,0
1400212743,5.24612,2458984.224,2
321857016,6.956113367,2459830.458,0
266688542,2.9424142,2460389.23,2
318022259,6.2262315,2459952.635,0
54962195,4.695598604,2458543.405,0
233681149,8.586550896,2458683.69,2
101037590,8.7094632,2459896.133,0
20178111,1.734422,2459198.702,2
165464482,4.3345378,2459657.955,0
351601843,0.6047392407,2458654.25,0
64531556,7.8127906,2459813.94,2
341444900,9.0330414,2460419.862,2
98286422,2.9646096,2459252.309,2
219850915,6.400280748,2459913.811,0
456862677,15.26646582,2459451.623,0
354285962,5.6289226,2459907.595,2
319783554,1.819376,2459357.232,2
279999655,1.54104,2458492.695,2
255918903,1.7201092,2460098.853,2
319068154,3.7983639,2460423.402,2
419946164,1.7765395,2458623.343,2
232967666,15.196,2458689.116,2
219205407,6.1253092,2459356.388,2
441739020,40.7501028,2460503.137,0
146463781,0.417921,2458517.477,2
329145325,1.077774,2459882.025,2
258804746,0.224195,2460258.869,0
279982557,1.789021725,2458712.393,2
422756130,3.134294562,2458791.519,0
243641947,2.5926199,2459355.554,0
453211454,9.0588209,2460269.975,0
418987806,0.88654,2460633.086,2
178709444,3.471680802,2459329.506,0
369327947,2.029106652,2458626.204,0
336267424,1.482184483,2458684.222,2
147977348,5.0037758,2459250.338,0
42883782,16.2134274,2459786.443,0
9989136,6.184168799,2458848.685,0
307734817,2.107500125,2458900.911,2
117979694,1.9784257,2459199.447,2
360156606,27.36137784,2458617.479,0
151483286,4.0397189,2459245.632,0
159873822,13.7905315,2459704.448,0
264303333,0.8153098,2460367.057,2
290348382,6.4410082,2460140.221,2
259389219,2.3250156,2459199.866,2
239977528,30.1584857,2460227.48,0
231721005,9.0182016,2460121.423,2
318746829,5.2273176,2460421.233,2
274138511,2.774207,2458492.5,2
467331291,3.3207642,2459913.521,0
190081497,3.1630387,2459991.73,2
48103627,4.569669803,2459283.032,0
229141709,14.20489,2458363.763,2
54364414,1.37477,2458792.095,2
141405814,1.135545716,2460717.457,2
119081096,0.83707,2458518.11,2
407394748,0.7522775,2460311.883,2
307958020,271.938639,2458864.835,0
409459226,1.27997,2458491.828,2
261257684,10.87727482,2458626.968,0
83053699,3.3378852,2459876.382,2
394287035,17.1019622,2459356.608,0
68007716,5.4566563,2459244.752,0
243153196,10.1391591,2459478.896,2
305424003,4.584912905,2458627.057,0
461662295,10.2558,2458844.855,2
219208037,0.9776805236,2459229.063,2
259172249,4.291487861,2459825.392,0
305512837,3.0223957,2459386.358,2
127530399,1.011533589,2458597.576,0
394357918,4.90199384,2458326.79,0
435167167,3.0330919,2458979.234,2
377064495,25.71221573,2458521.9,0
258777137,5.9294088,2460654.566,2
419858461,2.543370727,2460041.976,2
441738827,8.149028464,2458745.411,2
151959065,10.54262537,2458551.635,2
148659924,7.3816254,2459973.559,2
112037203,4.3622356,2458619.606,2
209464063,119.3355264,2459140.665,0
24358417,22.6539607,2459183.681,0
74482749,1.262265777,2460744.737,2
428065977,1.6534102,2459881.653,2
408618999,7.0731057,2460660.093,0
140691463,2.084543418,2458543.338,0
404456775,3.0444485,2459851.208,0
150151262,9.531380097,2460978.081,0
232941965,7.1487697,2459818.905,0
367287018,4.7257129,2459740.358,2
210337597,0.5257499,2460557.748,2
322862882,1.2361087,2459359.465,2
329277372,2.887967486,2459854.51,2
376353509,7.3315684,2460467.881,0
64553698,8.6795072,2458965.051,2
371711170,9.8482192,2459015.248,2
152685831,3.4714171,2459250.856,2
5800958,4.2318085,2459545.885,2
316402246,1.4014167,2459836.924,2
274942910,1.0793011,2460393.553,2
115446313,4.9707023,2460471.356,2
188570092,7.327945,2459457.974,0
439610306,1.79988,2458545.266,2
219379012,1.5464949,2459168.725,2
374400599,1.8932775,2460649.117,2
127315102,10.8458712,2459338.85,2
145982812,0.82967,2458518.469,2
468845640,3.99307,2458741.729,2
469436001,0.9739887,2460558.272,2
160268701,11.2071839,2460352.734,2
52368076,19.9815709,2460181.147,0
352682207,5.414623493,2459720.202,0
308073360,11.8886495,2459613.38,0
64836837,10.9115374,2460423.071,2
